{
	"aqua" : [ 13, "fgcolor", 0.5, 0.565789, 1.0, 1.0 ],
	"beige" : [ 3, "fgcolor", 0.913043, 0.672769, 0.0, 1.0 ],
	"brown" : [ 5, "fgcolor", 0.826087, 0.434783, 0.0, 1.0 ],
	"green" : [ 9, "fgcolor", 0.0, 0.826087, 0.282609, 1.0 ],
	"grey" : [ 0, "fgcolor", 0.9, 0.9, 0.9, 1.0 ],
	"ice" : [ 11, "fgcolor", 0.782609, 0.822654, 1.0, 1.0 ],
	"lila" : [ 12, "fgcolor", 0.935927, 0.826087, 1.0, 1.0 ],
	"magenta" : [ 16, "fgcolor", 1.0, 0.217391, 0.79405, 1.0 ],
	"moss" : [ 10, "fgcolor", 0.0, 0.758581, 0.847826, 1.0 ],
	"orange" : [ 4, "fgcolor", 1.0, 0.742563, 0.347826, 1.0 ],
	"pink" : [ 17, "fgcolor", 1.0, 0.717391, 0.977689, 1.0 ],
	"purple" : [ 15, "fgcolor", 0.782609, 0.0, 0.782609, 1.0 ],
	"salmon" : [ 6, "fgcolor", 1.0, 0.647597, 0.521739, 1.0 ],
	"seafoam" : [ 8, "fgcolor", 0.413043, 1.0, 0.629291, 1.0 ],
	"sky" : [ 14, "fgcolor", 0.270595, 0.0, 0.934783, 1.0 ],
	"white" : [ 2, "fgcolor", 1.0, 1.0, 1.0, 1.0 ],
	"yellow" : [ 7, "fgcolor", 1.0, 0.962243, 0.282609, 1.0 ],
	"blue" : [ 7, "fgcolor", 0.490196, 0.72549, 0.941176, 1. ]
}
